{"ratio": 0.912311663384533, "max_torque": 25.050707845143098, "armature": 0.010935596496192836, "q_offset": -0.002939099509833426, "friction_base": 0.09138766971048497, "friction_viscous": 0.046964603966926886, "model": "m1", "actuator": "unitree_go1"}